"Date","Price","Open","High","Low","Vol.","Change %"
"Mar 30, 2020","251.00","251.00","251.00","251.00","-","-0.79%"
"Mar 27, 2020","253.00","253.00","253.00","253.00","-","-0.78%"
"Mar 26, 2020","255.00","255.00","255.00","255.00","-","0.00%"
"Mar 25, 2020","255.00","255.00","255.00","255.00","-","0.00%"
"Mar 24, 2020","255.00","255.00","255.00","255.00","-","-3.41%"
"Mar 23, 2020","264.00","264.00","264.00","264.00","-","0.00%"
"Mar 20, 2020","264.00","264.00","264.00","264.00","-","0.00%"
"Mar 19, 2020","264.00","264.00","264.00","264.00","-","-1.12%"
"Mar 18, 2020","267.00","267.00","267.00","267.00","-","0.00%"
"Mar 17, 2020","267.00","267.00","267.00","267.00","-","0.75%"
"Mar 16, 2020","265.00","265.00","265.00","265.00","0.05K","-1.85%"
"Mar 13, 2020","270.00","270.00","270.00","270.00","0.03K","1.12%"
"Mar 12, 2020","267.00","267.00","267.00","267.00","0.20K","-2.20%"
"Mar 11, 2020","273.00","273.00","273.00","273.00","-","0.00%"
"Mar 10, 2020","273.00","273.00","273.00","273.00","-","0.37%"
"Mar 09, 2020","272.00","272.00","272.00","272.00","-","-0.37%"
"Mar 06, 2020","273.00","273.00","273.00","273.00","0.03K","-1.80%"
"Mar 05, 2020","278.00","278.00","278.00","278.00","0.62K","0.54%"
"Mar 04, 2020","276.50","276.50","276.50","276.50","0.50K","-0.18%"
"Mar 03, 2020","277.00","277.00","277.00","277.00","0.09K","2.59%"
"Mar 02, 2020","270.00","270.00","270.00","270.00","0.27K","-0.49%"
"Feb 28, 2020","271.34","271.34","271.34","271.34","-","-0.24%"
"Feb 27, 2020","272.00","272.00","272.00","272.00","-","0.00%"
"Feb 26, 2020","272.00","272.00","272.00","272.00","-","-0.18%"
"Feb 25, 2020","272.50","272.50","272.50","272.50","-","0.00%"
"Feb 24, 2020","272.50","272.50","272.50","272.50","-","0.00%"
"Feb 21, 2020","272.50","272.50","272.50","272.50","0.03K","0.18%"
"Feb 20, 2020","272.00","272.00","272.00","272.00","0.03K","0.00%"
"Feb 19, 2020","272.00","272.00","272.00","272.00","-","-0.18%"
"Feb 18, 2020","272.50","272.50","272.50","272.50","-","0.00%"
"Feb 17, 2020","272.50","272.50","272.50","272.50","0.04K","0.55%"
"Feb 14, 2020","271.00","271.00","271.00","271.00","-","0.00%"
"Feb 13, 2020","271.00","271.00","271.00","271.00","-","0.00%"
"Feb 12, 2020","271.00","271.00","271.00","271.00","0.01K","1.12%"
"Feb 11, 2020","268.00","268.00","268.00","268.00","0.01K","1.52%"
"Feb 10, 2020","264.00","264.00","264.00","264.00","0.33K","-0.38%"
"Feb 07, 2020","265.00","265.00","265.00","265.00","0.51K","1.15%"
"Feb 06, 2020","262.00","262.00","262.00","262.00","0.11K","1.75%"
"Feb 05, 2020","257.50","257.50","257.50","257.50","1.21K","0.98%"
"Feb 04, 2020","255.00","255.00","255.00","255.00","0.04K","-0.78%"
"Feb 03, 2020","257.00","257.00","257.00","257.00","0.24K","-11.13%"
"Jan 31, 2020","289.18","289.18","289.18","289.18","-","0.06%"
"Jan 30, 2020","289.00","289.00","289.00","289.00","-","0.00%"
"Jan 29, 2020","289.00","289.00","289.00","289.00","-","1.76%"
"Jan 28, 2020","284.00","284.00","284.00","284.00","-","-1.56%"
"Jan 27, 2020","288.50","288.50","288.50","288.50","-","0.17%"
"Jan 24, 2020","288.00","288.00","288.00","288.00","-","0.00%"
"Jan 23, 2020","288.00","288.00","288.00","288.00","-","0.35%"
"Jan 22, 2020","287.00","287.00","287.00","287.00","-","-0.35%"
"Jan 21, 2020","288.00","288.00","288.00","288.00","-","-0.69%"
"Jan 20, 2020","290.00","290.00","290.00","290.00","-","-0.85%"
"Jan 17, 2020","292.50","292.50","292.50","292.50","-","0.00%"
"Jan 16, 2020","292.50","292.50","292.50","292.50","0.02K","-1.18%"
"Jan 15, 2020","296.00","296.00","296.00","296.00","0.01K","-1.33%"
"Jan 14, 2020","300.00","300.00","300.00","300.00","0.02K","-0.66%"
"Jan 13, 2020","302.00","302.00","302.00","302.00","0.01K","0.67%"
"Jan 10, 2020","300.00","300.00","300.00","300.00","0.01K","0.33%"
"Jan 09, 2020","299.00","299.00","299.00","299.00","-","-0.66%"
"Jan 08, 2020","301.00","301.00","301.00","301.00","-","0.00%"
"Jan 07, 2020","301.00","301.00","301.00","301.00","0.00K","0.33%"
"Jan 06, 2020","300.00","300.00","300.00","300.00","-","0.00%"
"Jan 03, 2020","300.00","300.00","300.00","300.00","-","1.01%"
"Jan 02, 2020","297.00","297.00","297.00","297.00","0.01K","0.75%"
"Dec 31, 2019","294.78","294.78","294.78","294.78","0.06K","-0.07%"
"Dec 30, 2019","295.00","295.00","295.00","295.00","0.06K","0.00%"
"Dec 27, 2019","295.00","295.00","295.00","295.00","-","0.00%"
"Dec 24, 2019","295.00","295.00","295.00","295.00","-","0.34%"
"Dec 23, 2019","294.00","294.00","294.00","294.00","0.01K","0.00%"
"Dec 20, 2019","294.00","294.00","294.00","294.00","-","-0.34%"
"Dec 19, 2019","295.00","295.00","295.00","295.00","-","-0.34%"
"Dec 18, 2019","296.00","296.00","296.00","296.00","-","-0.34%"
"Dec 17, 2019","297.00","297.00","297.00","297.00","-","0.00%"
"Dec 16, 2019","297.00","297.00","297.00","297.00","0.01K","0.00%"
"Dec 13, 2019","297.00","297.00","297.00","297.00","0.01K","0.85%"
"Dec 12, 2019","294.50","294.50","294.50","294.50","0.04K","1.20%"
"Dec 11, 2019","291.00","291.00","291.00","291.00","-","0.00%"
"Dec 10, 2019","291.00","291.00","291.00","291.00","0.01K","-0.34%"
"Dec 09, 2019","292.00","292.00","292.00","292.00","0.01K","-0.17%"
"Dec 06, 2019","292.50","292.50","292.50","292.50","0.07K","0.86%"
"Dec 05, 2019","290.00","290.00","290.00","290.00","0.02K","-0.51%"
"Dec 04, 2019","291.50","291.50","291.50","291.50","0.11K","5.23%"
"Dec 03, 2019","277.00","277.00","277.00","277.00","0.01K","-0.72%"
"Dec 02, 2019","279.00","279.00","279.00","279.00","0.01K","6.61%"
"Nov 29, 2019","261.69","261.69","261.69","261.69","-","0.07%"
"Nov 28, 2019","261.50","261.50","261.50","261.50","-","0.19%"
"Nov 27, 2019","261.00","261.00","261.00","261.00","-","0.00%"
"Nov 26, 2019","261.00","261.00","261.00","261.00","-","0.00%"
"Nov 25, 2019","261.00","261.00","261.00","261.00","-","0.00%"
"Nov 22, 2019","261.00","261.00","261.00","261.00","-","-0.19%"
"Nov 21, 2019","261.50","261.50","261.50","261.50","0.04K","0.00%"
"Nov 20, 2019","261.50","261.50","261.50","261.50","0.03K","-0.19%"
"Nov 19, 2019","262.00","262.00","262.00","262.00","-","0.38%"
"Nov 18, 2019","261.00","261.00","261.00","261.00","-","-0.19%"
"Nov 15, 2019","261.50","261.50","261.50","261.50","-","0.00%"
"Nov 14, 2019","261.50","261.50","261.50","261.50","0.52K","-1.13%"
"Nov 13, 2019","264.50","264.50","264.50","264.50","-","0.57%"
"Nov 12, 2019","263.00","263.00","263.00","263.00","0.01K","1.15%"
"Nov 11, 2019","260.00","260.00","260.00","260.00","-","-1.52%"
"Nov 08, 2019","264.00","264.00","264.00","264.00","0.02K","-1.86%"
"Nov 07, 2019","269.00","269.00","269.00","269.00","0.23K","0.37%"
"Nov 06, 2019","268.00","268.00","268.00","268.00","0.42K","1.13%"
"Nov 05, 2019","265.00","265.00","265.00","265.00","0.01K","0.57%"
"Nov 04, 2019","263.50","263.50","263.50","263.50","0.11K","0.19%"
"Nov 01, 2019","263.00","263.00","263.00","263.00","0.13K","9.88%"
"Oct 31, 2019","239.36","239.36","239.36","239.36","-","-0.06%"
"Oct 30, 2019","239.50","239.50","239.50","239.50","-","-0.21%"
"Oct 29, 2019","240.00","240.00","240.00","240.00","-","0.00%"
"Oct 28, 2019","240.00","240.00","240.00","240.00","-","-0.21%"
"Oct 25, 2019","240.50","240.50","240.50","240.50","0.03K","0.84%"
"Oct 24, 2019","238.50","238.50","238.50","238.50","-","-0.21%"
"Oct 23, 2019","239.00","239.00","239.00","239.00","-","-0.21%"
"Oct 22, 2019","239.50","239.50","239.50","239.50","0.00K","-0.42%"
"Oct 21, 2019","240.50","240.50","240.50","240.50","0.03K","0.63%"
"Oct 18, 2019","239.00","239.00","239.00","239.00","0.02K","0.42%"
"Oct 17, 2019","238.00","238.00","238.00","238.00","-","0.00%"
"Oct 16, 2019","238.00","238.00","238.00","238.00","0.01K","-1.24%"
"Oct 15, 2019","241.00","241.00","241.00","241.00","-","0.63%"
"Oct 14, 2019","239.50","239.50","239.50","239.50","0.00K","0.21%"
"Oct 11, 2019","239.00","239.00","239.00","239.00","0.03K","-0.62%"
"Oct 10, 2019","240.50","240.50","240.50","240.50","0.03K","0.21%"
"Oct 09, 2019","240.00","240.00","240.00","240.00","0.00K","2.13%"
"Oct 08, 2019","235.00","235.00","235.00","235.00","-","-1.26%"
"Oct 07, 2019","238.00","238.00","238.00","238.00","-","-0.21%"
"Oct 04, 2019","238.50","238.50","238.50","238.50","0.14K","1.49%"
"Oct 03, 2019","235.00","235.00","235.00","235.00","0.11K","-1.67%"
"Oct 02, 2019","239.00","239.00","239.00","239.00","0.08K","2.14%"
"Oct 01, 2019","234.00","234.00","234.00","234.00","0.01K","-1.70%"
"Sep 30, 2019","238.05","238.05","238.05","238.05","0.02K","0.23%"
"Sep 27, 2019","237.50","237.50","237.50","237.50","0.02K","0.42%"
"Sep 26, 2019","236.50","236.50","236.50","236.50","0.03K","-0.21%"
"Sep 25, 2019","237.00","237.00","237.00","237.00","0.03K","-0.42%"
"Sep 24, 2019","238.00","238.00","238.00","238.00","-","-0.63%"
"Sep 23, 2019","239.50","239.50","239.50","239.50","0.03K","0.21%"
"Sep 20, 2019","239.00","239.00","239.00","239.00","0.02K","0.00%"
"Sep 19, 2019","239.00","239.00","239.00","239.00","0.00K","-0.83%"
"Sep 18, 2019","241.00","241.00","241.00","241.00","-","-0.41%"
"Sep 17, 2019","242.00","242.00","242.00","242.00","-","-0.41%"
"Sep 16, 2019","243.00","243.00","243.00","243.00","-","0.62%"
"Sep 13, 2019","241.50","241.50","241.50","241.50","0.09K","-2.62%"
"Sep 12, 2019","248.00","248.00","248.00","248.00","0.10K","-0.80%"
"Sep 11, 2019","250.00","250.00","250.00","250.00","0.03K","0.40%"
"Sep 10, 2019","249.00","249.00","249.00","249.00","-","-1.39%"
"Sep 09, 2019","252.50","252.50","252.50","252.50","0.07K","1.00%"
"Sep 06, 2019","250.00","250.00","250.00","250.00","0.08K","-2.15%"
"Sep 05, 2019","255.50","255.50","255.50","255.50","0.02K","-2.11%"
"Sep 04, 2019","261.00","261.00","261.00","261.00","0.09K","-0.38%"
"Sep 03, 2019","262.00","262.00","262.00","262.00","0.55K","-1.50%"
"Sep 02, 2019","266.00","266.00","266.00","266.00","0.60K","-5.71%"
"Aug 30, 2019","282.11","282.11","282.11","282.11","-","0.04%"
"Aug 29, 2019","282.00","282.00","282.00","282.00","-","0.00%"
"Aug 28, 2019","282.00","282.00","282.00","282.00","-","-0.70%"
"Aug 27, 2019","284.00","284.00","284.00","284.00","-","0.00%"
"Aug 23, 2019","284.00","284.00","284.00","284.00","-","0.00%"
"Aug 22, 2019","284.00","284.00","284.00","284.00","-","0.00%"
"Aug 21, 2019","284.00","284.00","284.00","284.00","-","-0.35%"
"Aug 20, 2019","285.00","285.00","285.00","285.00","-","0.00%"
"Aug 19, 2019","285.00","285.00","285.00","285.00","0.02K","-0.35%"
"Aug 16, 2019","286.00","286.00","286.00","286.00","-","0.00%"
"Aug 15, 2019","286.00","286.00","286.00","286.00","-","-1.38%"
"Aug 14, 2019","290.00","290.00","290.00","290.00","-","0.00%"
"Aug 13, 2019","290.00","290.00","290.00","290.00","-","0.00%"
"Aug 12, 2019","290.00","290.00","290.00","290.00","-","0.00%"
"Aug 09, 2019","290.00","290.00","290.00","290.00","-","0.69%"
"Aug 08, 2019","288.00","288.00","288.00","288.00","-","-0.52%"
"Aug 07, 2019","289.50","289.50","289.50","289.50","0.02K","-0.52%"
"Aug 06, 2019","291.00","291.00","291.00","291.00","0.04K","-0.68%"
"Aug 05, 2019","293.00","293.00","293.00","293.00","0.60K","0.00%"
"Aug 02, 2019","293.00","293.00","293.00","293.00","-","1.21%"
"Aug 01, 2019","289.50","289.50","289.50","289.50","0.03K","-1.81%"
"Jul 31, 2019","294.84","294.84","294.84","294.84","-","-0.73%"
"Jul 30, 2019","297.00","297.00","297.00","297.00","-","0.68%"
"Jul 29, 2019","295.00","295.00","295.00","295.00","-","0.00%"
"Jul 26, 2019","295.00","295.00","295.00","295.00","-","0.00%"
"Jul 25, 2019","295.00","295.00","295.00","295.00","-","0.00%"
"Jul 24, 2019","295.00","295.00","295.00","295.00","-","-0.34%"
"Jul 23, 2019","296.00","296.00","296.00","296.00","-","0.00%"
"Jul 22, 2019","296.00","296.00","296.00","296.00","-","-0.34%"
"Jul 19, 2019","297.00","297.00","297.00","297.00","-","-0.83%"
"Jul 18, 2019","299.50","299.50","299.50","299.50","0.03K","1.53%"
"Jul 17, 2019","295.00","295.00","295.00","295.00","-","-0.34%"
"Jul 16, 2019","296.00","296.00","296.00","296.00","-","-0.67%"
"Jul 15, 2019","298.00","298.00","298.00","298.00","0.01K","-0.33%"
"Jul 12, 2019","299.00","299.00","299.00","299.00","-","-0.66%"
"Jul 11, 2019","301.00","301.00","301.00","301.00","0.03K","1.35%"
"Jul 10, 2019","297.00","297.00","297.00","297.00","-","0.00%"
"Jul 09, 2019","297.00","297.00","297.00","297.00","-","-1.00%"
"Jul 08, 2019","300.00","300.00","300.00","300.00","-","-0.66%"
"Jul 05, 2019","302.00","302.00","302.00","302.00","0.05K","-2.58%"
"Jul 04, 2019","310.00","310.00","310.00","310.00","0.02K","0.65%"
"Jul 03, 2019","308.00","308.00","308.00","308.00","0.49K","0.33%"
"Jul 02, 2019","307.00","307.00","307.00","307.00","0.02K","0.00%"
"Jul 01, 2019","307.00","307.00","307.00","307.00","0.20K","6.40%"
"Jun 28, 2019","288.53","288.53","288.53","288.53","-","0.18%"
"Jun 27, 2019","288.00","288.00","288.00","288.00","-","0.00%"
"Jun 26, 2019","288.00","288.00","288.00","288.00","-","-0.35%"
"Jun 25, 2019","289.00","289.00","289.00","289.00","-","0.00%"
"Jun 24, 2019","289.00","289.00","289.00","289.00","-","0.00%"
"Jun 21, 2019","289.00","289.00","289.00","289.00","0.05K","0.00%"
"Jun 20, 2019","289.00","289.00","289.00","289.00","-","-0.34%"
"Jun 19, 2019","290.00","290.00","290.00","290.00","-","-0.68%"
"Jun 18, 2019","292.00","292.00","292.00","292.00","-","0.69%"
"Jun 17, 2019","290.00","290.00","290.00","290.00","-","-1.69%"
"Jun 14, 2019","295.00","295.00","295.00","295.00","-","-1.34%"
"Jun 13, 2019","299.00","299.00","299.00","299.00","0.03K","-0.33%"
"Jun 12, 2019","300.00","300.00","300.00","300.00","-","-0.66%"
"Jun 11, 2019","302.00","302.00","302.00","302.00","-","0.67%"
"Jun 10, 2019","300.00","300.00","300.00","300.00","-","1.01%"
"Jun 07, 2019","297.00","297.00","297.00","297.00","0.00K","-0.67%"
"Jun 06, 2019","299.00","299.00","299.00","299.00","-","-0.66%"
"Jun 05, 2019","301.00","301.00","301.00","301.00","-","-0.33%"
"Jun 04, 2019","302.00","302.00","302.00","302.00","0.02K","1.68%"
"Jun 03, 2019","297.00","297.00","297.00","297.00","0.04K","-0.50%"
"May 31, 2019","298.50","298.50","298.50","298.50","-","-0.17%"
"May 30, 2019","299.00","299.00","299.00","299.00","0.06K","-0.33%"
"May 29, 2019","300.00","300.00","300.00","300.00","0.06K","0.00%"
"May 28, 2019","300.00","300.00","300.00","300.00","0.04K","-0.17%"
"May 24, 2019","300.50","300.50","300.50","300.50","-","0.17%"
"May 23, 2019","300.00","300.00","300.00","300.00","-","0.33%"
"May 22, 2019","299.00","299.00","299.00","299.00","0.02K","0.67%"
"May 21, 2019","297.00","297.00","297.00","297.00","0.03K","-0.34%"
"May 20, 2019","298.00","298.00","298.00","298.00","-","-1.00%"
"May 17, 2019","301.00","301.00","301.00","301.00","0.09K","2.73%"
"May 16, 2019","293.00","293.00","293.00","293.00","0.01K","0.69%"
"May 15, 2019","291.00","291.00","291.00","291.00","-","-0.34%"
"May 14, 2019","292.00","292.00","292.00","292.00","0.00K","-0.34%"
"May 13, 2019","293.00","293.00","293.00","293.00","-","0.00%"
"May 10, 2019","293.00","293.00","293.00","293.00","0.02K","-1.01%"
"May 09, 2019","296.00","296.00","296.00","296.00","-","-0.34%"
"May 08, 2019","297.00","297.00","297.00","297.00","0.15K","0.34%"
"May 07, 2019","296.00","296.00","296.00","296.00","0.34K","-1.33%"
"May 03, 2019","300.00","300.00","300.00","300.00","0.09K","-2.28%"
"May 02, 2019","307.00","307.00","307.00","307.00","-","1.15%"
"May 01, 2019","303.50","303.50","303.50","303.50","0.01K","-2.08%"
"Apr 30, 2019","309.95","309.95","309.95","309.95","0.35K","-0.02%"
"Apr 29, 2019","310.00","310.00","310.00","310.00","0.35K","0.65%"
"Apr 26, 2019","308.00","308.00","308.00","308.00","-","-0.48%"
"Apr 25, 2019","309.50","309.50","309.50","309.50","0.17K","-0.80%"
"Apr 24, 2019","312.00","312.00","312.00","312.00","0.05K","0.00%"
"Apr 23, 2019","312.00","312.00","312.00","312.00","0.45K","-0.32%"
"Apr 18, 2019","313.00","313.00","313.00","313.00","-","-0.63%"
"Apr 17, 2019","315.00","315.00","315.00","315.00","-","0.32%"
"Apr 16, 2019","314.00","314.00","314.00","314.00","0.50K","0.32%"
"Apr 15, 2019","313.00","313.00","313.00","313.00","1.10K","0.64%"
"Apr 12, 2019","311.00","311.00","311.00","311.00","-","0.32%"
"Apr 11, 2019","310.00","310.00","310.00","310.00","-","0.49%"
"Apr 10, 2019","308.50","308.50","308.50","308.50","0.51K","-1.12%"
"Apr 09, 2019","312.00","312.00","312.00","312.00","-","-1.27%"
"Apr 08, 2019","316.00","316.00","316.00","316.00","-","0.32%"
"Apr 05, 2019","315.00","315.00","315.00","315.00","-","0.00%"
"Apr 04, 2019","315.00","315.00","315.00","315.00","0.02K","-0.32%"
"Apr 03, 2019","316.00","316.00","316.00","316.00","0.02K","-0.63%"
"Apr 02, 2019","318.00","318.00","318.00","318.00","0.02K","0.32%"
"Apr 01, 2019","317.00","317.00","317.00","317.00","-","-1.17%"
"Mar 29, 2019","320.74","320.74","320.74","320.74","-","-0.08%"
"Mar 28, 2019","321.00","321.00","321.00","321.00","0.01K","0.00%"
"Mar 27, 2019","321.00","321.00","321.00","321.00","0.01K","-0.31%"
"Mar 26, 2019","322.00","322.00","322.00","322.00","-","0.00%"
"Mar 25, 2019","322.00","322.00","322.00","322.00","-","-0.31%"
"Mar 22, 2019","323.00","323.00","323.00","323.00","-","0.62%"
"Mar 21, 2019","321.00","321.00","321.00","321.00","-","0.00%"
"Mar 20, 2019","321.00","321.00","321.00","321.00","0.00K","0.00%"
"Mar 19, 2019","321.00","321.00","321.00","321.00","0.01K","-0.93%"
"Mar 18, 2019","324.00","324.00","324.00","324.00","-","-0.77%"
"Mar 15, 2019","326.50","326.50","326.50","326.50","-","-0.15%"
"Mar 14, 2019","327.00","327.00","327.00","327.00","-","0.00%"
"Mar 13, 2019","327.00","327.00","327.00","327.00","-","0.00%"
"Mar 12, 2019","327.00","327.00","327.00","327.00","-","0.00%"
"Mar 11, 2019","327.00","327.00","327.00","327.00","-","0.00%"
"Mar 08, 2019","327.00","327.00","327.00","327.00","-","0.00%"
"Mar 07, 2019","327.00","327.00","327.00","327.00","0.02K","0.31%"
"Mar 06, 2019","326.00","326.00","326.00","326.00","0.21K","1.56%"
"Mar 05, 2019","321.00","321.00","321.00","321.00","0.27K","1.58%"
"Mar 04, 2019","316.00","316.00","316.00","316.00","0.20K","-1.25%"
"Mar 01, 2019","320.00","320.00","320.00","320.00","0.27K","-0.14%"
"Feb 28, 2019","320.44","320.44","320.44","320.44","-","0.61%"
"Feb 27, 2019","318.50","318.50","318.50","318.50","-","-1.09%"
"Feb 26, 2019","322.00","322.00","322.00","322.00","-","-1.53%"
"Feb 25, 2019","327.00","327.00","327.00","327.00","-","0.00%"
"Feb 22, 2019","327.00","327.00","327.00","327.00","-","2.03%"
"Feb 21, 2019","320.50","320.50","320.50","320.50","0.03K","-0.77%"
"Feb 20, 2019","323.00","323.00","323.00","323.00","-","-0.92%"
"Feb 19, 2019","326.00","326.00","326.00","326.00","-","-0.31%"
"Feb 18, 2019","327.00","327.00","327.00","327.00","-","-0.15%"
"Feb 15, 2019","327.50","327.50","327.50","327.50","0.01K","0.77%"
"Feb 14, 2019","325.00","325.00","325.00","325.00","-","-1.22%"
"Feb 13, 2019","329.00","329.00","329.00","329.00","-","0.00%"
"Feb 12, 2019","329.00","329.00","329.00","329.00","-","-0.90%"
"Feb 11, 2019","332.00","332.00","332.00","332.00","0.01K","0.00%"
"Feb 08, 2019","332.00","332.00","332.00","332.00","-","0.00%"
"Feb 07, 2019","332.00","332.00","332.00","332.00","0.02K","-1.04%"
"Feb 06, 2019","335.50","335.50","335.50","335.50","0.25K","1.67%"
"Feb 05, 2019","330.00","330.00","330.00","330.00","0.71K","0.30%"
"Feb 04, 2019","329.00","329.00","329.00","329.00","0.05K","-0.30%"
"Feb 01, 2019","330.00","330.00","330.00","330.00","0.41K","14.07%"
"Jan 31, 2019","289.30","289.30","289.30","289.30","0.00K","-0.92%"
"Jan 30, 2019","292.00","292.00","292.00","292.00","0.00K","0.34%"
"Jan 29, 2019","291.00","291.00","291.00","291.00","-","1.04%"
"Jan 28, 2019","288.00","288.00","288.00","288.00","-","0.70%"
"Jan 25, 2019","286.00","286.00","286.00","286.00","-","0.35%"
"Jan 24, 2019","285.00","285.00","285.00","285.00","-","0.71%"
"Jan 23, 2019","283.00","283.00","283.00","283.00","-","0.35%"
"Jan 22, 2019","282.00","282.00","282.00","282.00","0.01K","-1.05%"
"Jan 21, 2019","285.00","285.00","285.00","285.00","-","0.00%"
"Jan 18, 2019","285.00","285.00","285.00","285.00","0.02K","0.00%"
"Jan 17, 2019","285.00","285.00","285.00","285.00","0.03K","-0.18%"
"Jan 16, 2019","285.50","285.50","285.50","285.50","0.05K","1.96%"
"Jan 15, 2019","280.00","280.00","280.00","280.00","0.08K","-0.36%"
"Jan 14, 2019","281.00","281.00","281.00","281.00","0.30K","-0.71%"
"Jan 11, 2019","283.00","283.00","283.00","283.00","-","0.00%"
"Jan 10, 2019","283.00","283.00","283.00","283.00","0.06K","-0.88%"
"Jan 09, 2019","285.50","285.50","285.50","285.50","0.92K","1.78%"
"Jan 08, 2019","280.50","280.50","280.50","280.50","0.69K","0.18%"
"Jan 07, 2019","280.00","280.00","280.00","280.00","-","0.00%"
"Jan 04, 2019","280.00","280.00","280.00","280.00","-","0.00%"
"Jan 03, 2019","280.00","280.00","280.00","280.00","-","0.72%"
"Jan 02, 2019","278.00","278.00","278.00","278.00","0.10K","-7.29%"
"Dec 31, 2018","299.87","299.87","299.87","299.87","0.03K","0.00%"
"Dec 28, 2018","299.87","299.87","299.87","299.87","0.03K","2.34%"
"Dec 27, 2018","293.00","293.00","293.00","293.00","0.20K","-1.68%"
"Dec 24, 2018","298.00","298.00","298.00","298.00","0.00K","0.00%"
"Dec 21, 2018","298.00","298.00","298.00","298.00","-","-1.32%"
"Dec 20, 2018","302.00","302.00","302.00","302.00","0.25K","1.34%"
"Dec 19, 2018","298.00","298.00","298.00","298.00","-","0.00%"
"Dec 18, 2018","298.00","298.00","298.00","298.00","-","-1.49%"
"Dec 17, 2018","302.50","302.50","302.50","302.50","-","1.17%"
"Dec 14, 2018","299.00","299.00","299.00","299.00","-","-0.66%"
"Dec 13, 2018","301.00","301.00","301.00","301.00","-","0.33%"
"Dec 12, 2018","300.00","300.00","300.00","300.00","0.02K","0.00%"
"Dec 11, 2018","300.00","300.00","300.00","300.00","0.02K","-0.17%"
"Dec 10, 2018","300.50","300.50","300.50","300.50","-","0.00%"
"Dec 07, 2018","300.50","300.50","300.50","300.50","0.45K","-0.33%"
"Dec 06, 2018","301.50","301.50","301.50","301.50","1.05K","-2.11%"
"Dec 05, 2018","308.00","308.00","308.00","308.00","0.25K","-0.65%"
"Dec 04, 2018","310.00","310.00","310.00","310.00","0.05K","-0.64%"
"Dec 03, 2018","312.00","312.00","312.00","312.00","1.63K","-5.81%"
"Nov 30, 2018","331.24","331.24","331.24","331.24","-","0.07%"
"Nov 29, 2018","331.00","331.00","331.00","331.00","-","0.00%"
"Nov 28, 2018","331.00","331.00","331.00","331.00","-","0.00%"
"Nov 27, 2018","331.00","331.00","331.00","331.00","-","0.61%"
"Nov 26, 2018","329.00","329.00","329.00","329.00","0.00K","-0.30%"
"Nov 23, 2018","330.00","330.00","330.00","330.00","-","-0.15%"
"Nov 22, 2018","330.50","330.50","330.50","330.50","-","0.15%"
"Nov 21, 2018","330.00","330.00","330.00","330.00","-","-0.90%"
"Nov 20, 2018","333.00","333.00","333.00","333.00","0.00K","-0.60%"
"Nov 19, 2018","335.00","335.00","335.00","335.00","0.76K","0.00%"
"Nov 16, 2018","335.00","335.00","335.00","335.00","0.99K","1.21%"
"Nov 15, 2018","331.00","331.00","331.00","331.00","-","0.00%"
"Nov 14, 2018","331.00","331.00","331.00","331.00","0.40K","0.61%"
"Nov 13, 2018","329.00","329.00","329.00","329.00","0.62K","-1.20%"
"Nov 12, 2018","333.00","333.00","333.00","333.00","0.33K","-1.19%"
"Nov 09, 2018","337.00","337.00","337.00","337.00","0.30K","0.00%"
"Nov 08, 2018","337.00","337.00","337.00","337.00","0.03K","-1.17%"
"Nov 07, 2018","341.00","341.00","341.00","341.00","-","0.00%"
"Nov 06, 2018","341.00","341.00","341.00","341.00","0.47K","1.19%"
"Nov 05, 2018","337.00","337.00","337.00","337.00","0.03K","-0.59%"
"Nov 02, 2018","339.00","339.00","339.00","339.00","-","-0.44%"
"Nov 01, 2018","340.50","340.50","340.50","340.50","0.06K","3.27%"
"Oct 31, 2018","329.72","329.72","329.72","329.72","-","-0.69%"
"Oct 30, 2018","332.00","332.00","332.00","332.00","-","-1.19%"
"Oct 29, 2018","336.00","336.00","336.00","336.00","-","-0.59%"
"Oct 26, 2018","338.00","338.00","338.00","338.00","-","1.20%"
"Oct 25, 2018","334.00","334.00","334.00","334.00","-","-0.30%"
"Oct 24, 2018","335.00","335.00","335.00","335.00","-","1.21%"
"Oct 23, 2018","331.00","331.00","331.00","331.00","-","0.91%"
"Oct 22, 2018","328.00","328.00","328.00","328.00","-","0.31%"
"Oct 19, 2018","327.00","327.00","327.00","327.00","-","0.00%"
"Oct 18, 2018","327.00","327.00","327.00","327.00","0.02K","0.00%"
"Oct 17, 2018","327.00","327.00","327.00","327.00","0.15K","0.00%"
"Oct 16, 2018","327.00","327.00","327.00","327.00","-","-0.91%"
"Oct 15, 2018","330.00","330.00","330.00","330.00","0.05K","1.23%"
"Oct 12, 2018","326.00","326.00","326.00","326.00","-","0.00%"
"Oct 11, 2018","326.00","326.00","326.00","326.00","-","0.00%"
"Oct 10, 2018","326.00","326.00","326.00","326.00","0.03K","1.56%"
"Oct 09, 2018","321.00","321.00","321.00","321.00","0.06K","-0.16%"
"Oct 08, 2018","321.50","321.50","321.50","321.50","0.21K","-1.08%"
"Oct 05, 2018","325.00","325.00","325.00","325.00","0.30K","-0.46%"
"Oct 04, 2018","326.50","326.50","326.50","326.50","0.08K","1.24%"
"Oct 03, 2018","322.50","322.50","322.50","322.50","0.05K","-0.62%"
"Oct 02, 2018","324.50","324.50","324.50","324.50","0.46K","3.18%"
"Oct 01, 2018","314.50","314.50","314.50","314.50","0.48K","-1.84%"
"Sep 28, 2018","320.40","320.40","320.40","320.40","-","0.12%"
"Sep 27, 2018","320.00","320.00","320.00","320.00","0.60K","-0.47%"
"Sep 26, 2018","321.50","321.50","321.50","321.50","0.00K","0.47%"
"Sep 25, 2018","320.00","320.00","320.00","320.00","-","0.31%"
"Sep 24, 2018","319.00","319.00","319.00","319.00","-","-0.31%"
"Sep 21, 2018","320.00","320.00","320.00","320.00","0.30K","0.00%"
"Sep 20, 2018","320.00","320.00","320.00","320.00","0.01K","-0.31%"
"Sep 19, 2018","321.00","321.00","321.00","321.00","3.41K","0.31%"
"Sep 18, 2018","320.00","320.00","320.00","320.00","-","0.31%"
"Sep 17, 2018","319.00","319.00","319.00","319.00","-","0.00%"
"Sep 14, 2018","319.00","319.00","319.00","319.00","0.03K","0.63%"
"Sep 13, 2018","317.00","317.00","317.00","317.00","-","0.00%"
"Sep 12, 2018","317.00","317.00","317.00","317.00","-","0.00%"
"Sep 11, 2018","317.00","317.00","317.00","317.00","0.30K","0.00%"
"Sep 10, 2018","317.00","317.00","317.00","317.00","0.03K","-0.47%"
"Sep 07, 2018","318.50","318.50","318.50","318.50","0.07K","0.47%"
"Sep 06, 2018","317.00","317.00","317.00","317.00","-","0.00%"
"Sep 05, 2018","317.00","317.00","317.00","317.00","2.32K","-0.31%"
"Sep 04, 2018","318.00","318.00","318.00","318.00","3.22K","0.32%"
"Sep 03, 2018","317.00","317.00","317.00","317.00","2.13K","1.62%"
"Aug 31, 2018","311.95","311.95","311.95","311.95","-","0.31%"
"Aug 30, 2018","311.00","311.00","311.00","311.00","-","0.16%"
"Aug 29, 2018","310.50","310.50","310.50","310.50","-","0.00%"
"Aug 28, 2018","310.50","310.50","310.50","310.50","-","0.00%"
"Aug 24, 2018","310.50","310.50","310.50","310.50","-","0.81%"
"Aug 23, 2018","308.00","308.00","308.00","308.00","-","0.00%"
"Aug 22, 2018","308.00","308.00","308.00","308.00","0.06K","-0.65%"
"Aug 21, 2018","310.00","310.00","310.00","310.00","-","0.00%"
"Aug 20, 2018","310.00","310.00","310.00","310.00","-","0.00%"
"Aug 17, 2018","310.00","310.00","310.00","310.00","0.05K","-1.27%"
"Aug 16, 2018","314.00","314.00","314.00","314.00","-","0.00%"
"Aug 15, 2018","314.00","314.00","314.00","314.00","-","0.00%"
"Aug 14, 2018","314.00","314.00","314.00","314.00","0.09K","1.29%"
"Aug 13, 2018","310.00","310.00","310.00","310.00","0.15K","-1.27%"
"Aug 10, 2018","314.00","314.00","314.00","314.00","0.05K","-1.26%"
"Aug 09, 2018","318.00","318.00","318.00","318.00","0.08K","0.00%"
"Aug 08, 2018","318.00","318.00","318.00","318.00","0.66K","-2.00%"
"Aug 07, 2018","324.50","324.50","324.50","324.50","0.25K","-1.07%"
"Aug 06, 2018","328.00","328.00","328.00","328.00","0.56K","-0.30%"
"Aug 03, 2018","329.00","329.00","329.00","329.00","0.30K","0.00%"
"Aug 02, 2018","329.00","329.00","329.00","329.00","0.75K","-0.30%"
"Aug 01, 2018","330.00","330.00","330.00","330.00","0.50K","-3.40%"
"Jul 31, 2018","341.61","341.61","341.61","341.61","-","0.03%"
"Jul 30, 2018","341.50","341.50","341.50","341.50","-","0.00%"
"Jul 27, 2018","341.50","341.50","341.50","341.50","-","0.00%"
"Jul 26, 2018","341.50","341.50","341.50","341.50","-","0.00%"
"Jul 25, 2018","341.50","341.50","341.50","341.50","-","0.00%"
"Jul 24, 2018","341.50","341.50","341.50","341.50","-","0.00%"
"Jul 23, 2018","341.50","341.50","341.50","341.50","0.05K","-0.15%"
"Jul 20, 2018","342.00","342.00","342.00","342.00","-","0.00%"
"Jul 19, 2018","342.00","342.00","342.00","342.00","-","0.29%"
"Jul 18, 2018","341.00","341.00","341.00","341.00","-","0.00%"
"Jul 17, 2018","341.00","341.00","341.00","341.00","-","0.00%"
"Jul 16, 2018","341.00","341.00","341.00","341.00","0.15K","-1.45%"
"Jul 13, 2018","346.00","346.00","346.00","346.00","-","0.00%"
"Jul 12, 2018","346.00","346.00","346.00","346.00","0.05K","0.00%"
"Jul 11, 2018","346.00","346.00","346.00","346.00","-","0.29%"
"Jul 10, 2018","345.00","345.00","345.00","345.00","0.40K","-1.43%"
"Jul 09, 2018","350.00","350.00","350.00","350.00","0.03K","1.16%"
"Jul 06, 2018","346.00","346.00","346.00","346.00","-","0.00%"
"Jul 05, 2018","346.00","346.00","346.00","346.00","0.30K","-0.86%"
"Jul 04, 2018","349.00","349.00","349.00","349.00","0.02K","-0.85%"
"Jul 03, 2018","352.00","352.00","352.00","352.00","0.03K","-0.56%"
"Jul 02, 2018","354.00","354.00","354.00","354.00","-","1.84%"
"Jun 29, 2018","347.62","347.62","347.62","347.62","-","-0.11%"
"Jun 28, 2018","348.00","348.00","348.00","348.00","-","0.00%"
"Jun 27, 2018","348.00","348.00","348.00","348.00","-","0.00%"
"Jun 26, 2018","348.00","348.00","348.00","348.00","-","0.00%"
"Jun 25, 2018","348.00","348.00","348.00","348.00","-","0.00%"
"Jun 22, 2018","348.00","348.00","348.00","348.00","0.01K","0.00%"
"Jun 21, 2018","348.00","348.00","348.00","348.00","-","0.00%"
"Jun 20, 2018","348.00","348.00","348.00","348.00","-","0.00%"
"Jun 19, 2018","348.00","348.00","348.00","348.00","-","0.00%"
"Jun 18, 2018","348.00","348.00","348.00","348.00","0.18K","-0.29%"
"Jun 15, 2018","349.00","349.00","349.00","349.00","0.00K","0.87%"
"Jun 14, 2018","346.00","346.00","346.00","346.00","0.83K","0.29%"
"Jun 13, 2018","345.00","345.00","345.00","345.00","0.18K","-1.43%"
"Jun 12, 2018","350.00","350.00","350.00","350.00","0.15K","0.57%"
"Jun 11, 2018","348.00","348.00","348.00","348.00","0.06K","-1.14%"
"Jun 08, 2018","352.00","352.00","352.00","352.00","0.02K","1.73%"
"Jun 07, 2018","346.00","346.00","346.00","346.00","0.13K","1.17%"
"Jun 06, 2018","342.00","342.00","342.00","342.00","0.23K","-1.44%"
"Jun 05, 2018","347.00","347.00","347.00","347.00","0.54K","2.06%"
"Jun 04, 2018","340.00","340.00","340.00","340.00","0.26K","0.59%"
"Jun 01, 2018","338.00","338.00","338.00","338.00","-","-2.96%"
"May 31, 2018","348.30","348.30","348.30","348.30","0.02K","0.96%"
"May 30, 2018","345.00","345.00","345.00","345.00","0.02K","-1.43%"
"May 29, 2018","350.00","350.00","350.00","350.00","0.15K","0.00%"
"May 25, 2018","350.00","350.00","350.00","350.00","-","0.00%"
"May 24, 2018","350.00","350.00","350.00","350.00","-","0.00%"
"May 23, 2018","350.00","350.00","350.00","350.00","0.03K","-0.28%"
"May 22, 2018","351.00","351.00","351.00","351.00","0.02K","0.00%"
"May 21, 2018","351.00","351.00","351.00","351.00","-","0.00%"
"May 18, 2018","351.00","351.00","351.00","351.00","-","-0.28%"
"May 17, 2018","352.00","352.00","352.00","352.00","0.05K","-0.85%"
"May 16, 2018","355.00","355.00","355.00","355.00","0.00K","0.00%"
"May 15, 2018","355.00","355.00","355.00","355.00","-","0.00%"
"May 14, 2018","355.00","355.00","355.00","355.00","-","0.71%"
"May 11, 2018","352.50","352.50","352.50","352.50","-","0.14%"
"May 10, 2018","352.00","352.00","352.00","352.00","-","0.57%"
"May 09, 2018","350.00","350.00","350.00","350.00","0.10K","-1.13%"
"May 08, 2018","354.00","354.00","354.00","354.00","-","0.00%"
"May 04, 2018","354.00","354.00","354.00","354.00","6.12K","-0.28%"
"May 03, 2018","355.00","355.00","355.00","355.00","0.18K","-1.11%"
"May 02, 2018","359.00","359.00","359.00","359.00","0.81K","0.70%"
"May 01, 2018","356.50","356.50","356.50","356.50","0.11K","1.59%"
"Apr 30, 2018","350.93","350.93","350.93","350.93","-","-0.02%"
"Apr 27, 2018","351.00","351.00","351.00","351.00","-","0.00%"
"Apr 26, 2018","351.00","351.00","351.00","351.00","-","0.00%"
"Apr 25, 2018","351.00","351.00","351.00","351.00","0.10K","0.00%"
"Apr 24, 2018","351.00","351.00","351.00","351.00","-","0.00%"
"Apr 23, 2018","351.00","351.00","351.00","351.00","-","0.00%"
"Apr 20, 2018","351.00","351.00","351.00","351.00","-","0.00%"
"Apr 19, 2018","351.00","351.00","351.00","351.00","0.01K","0.00%"
"Apr 18, 2018","351.00","351.00","351.00","351.00","-","0.00%"
"Apr 17, 2018","351.00","351.00","351.00","351.00","0.32K","-0.85%"
"Apr 16, 2018","354.00","354.00","354.00","354.00","0.11K","0.57%"
"Apr 13, 2018","352.00","352.00","352.00","352.00","-","0.00%"
"Apr 12, 2018","352.00","352.00","352.00","352.00","0.03K","-0.98%"
"Apr 11, 2018","355.50","355.50","355.50","355.50","0.11K","-0.97%"
"Apr 10, 2018","359.00","359.00","359.00","359.00","0.78K","1.13%"
"Apr 09, 2018","355.00","355.00","355.00","355.00","0.27K","2.31%"
"Apr 06, 2018","347.00","347.00","347.00","347.00","0.36K","2.36%"
"Apr 05, 2018","339.00","339.00","339.00","339.00","0.08K","-2.02%"
"Apr 04, 2018","346.00","346.00","346.00","346.00","0.53K","-1.70%"
"Apr 03, 2018","352.00","352.00","352.00","352.00","0.91K","-5.38%"
"Mar 29, 2018","372.00","372.00","372.00","372.00","-","0.27%"
"Mar 28, 2018","371.00","371.00","371.00","371.00","-","0.27%"
"Mar 27, 2018","370.00","370.00","370.00","370.00","0.35K","-0.80%"
"Mar 26, 2018","373.00","373.00","373.00","373.00","-","0.00%"
"Mar 23, 2018","373.00","373.00","373.00","373.00","-","-0.53%"
"Mar 22, 2018","375.00","375.00","375.00","375.00","0.30K","0.00%"
"Mar 21, 2018","375.00","375.00","375.00","375.00","0.02K","0.40%"
"Mar 20, 2018","373.50","373.50","373.50","373.50","-","0.27%"
"Mar 19, 2018","372.50","372.50","372.50","372.50","0.03K","-1.97%"
"Mar 16, 2018","380.00","380.00","380.00","380.00","0.01K","0.00%"
"Mar 15, 2018","380.00","380.00","380.00","380.00","0.03K","0.80%"
"Mar 14, 2018","377.00","377.00","377.00","377.00","-","0.00%"
"Mar 13, 2018","377.00","377.00","377.00","377.00","-","0.00%"
"Mar 12, 2018","377.00","377.00","377.00","377.00","-","-0.79%"
"Mar 09, 2018","380.00","380.00","380.00","380.00","0.05K","1.88%"
"Mar 08, 2018","373.00","373.00","373.00","373.00","0.07K","-2.86%"
"Mar 07, 2018","384.00","384.00","384.00","384.00","0.08K","0.26%"
"Mar 06, 2018","383.00","383.00","383.00","383.00","0.30K","0.26%"
"Mar 05, 2018","382.00","382.00","382.00","382.00","0.20K","0.53%"
"Mar 02, 2018","380.00","380.00","380.00","380.00","0.11K","1.33%"
"Mar 01, 2018","375.00","375.00","375.00","375.00","0.49K","6.23%"
"Feb 28, 2018","353.00","353.00","353.00","353.00","0.02K","-1.40%"
"Feb 27, 2018","358.00","358.00","358.00","358.00","2.22K","0.56%"
"Feb 26, 2018","356.00","356.00","356.00","356.00","0.05K","0.56%"
"Feb 23, 2018","354.00","354.00","354.00","354.00","-","0.00%"
"Feb 22, 2018","354.00","354.00","354.00","354.00","-","0.00%"
"Feb 21, 2018","354.00","354.00","354.00","354.00","-","0.00%"
"Feb 20, 2018","354.00","354.00","354.00","354.00","-","0.00%"
"Feb 19, 2018","354.00","354.00","354.00","354.00","-","-0.56%"
"Feb 16, 2018","356.00","356.00","356.00","356.00","-","-0.28%"
"Feb 15, 2018","357.00","357.00","357.00","357.00","0.07K","0.00%"
"Feb 14, 2018","357.00","357.00","357.00","357.00","0.08K","0.00%"
"Feb 13, 2018","357.00","357.00","357.00","357.00","0.17K","0.56%"
"Feb 12, 2018","355.00","355.00","355.00","355.00","0.06K","-1.39%"
"Feb 09, 2018","360.00","360.00","360.00","360.00","0.20K","1.41%"
"Feb 08, 2018","355.00","355.00","355.00","355.00","0.16K","1.14%"
"Feb 07, 2018","351.00","351.00","351.00","351.00","0.44K","0.29%"
"Feb 06, 2018","350.00","350.00","350.00","350.00","0.45K","-0.71%"
"Feb 05, 2018","352.50","352.50","352.50","352.50","0.58K","1.59%"
"Feb 02, 2018","347.00","347.00","347.00","347.00","1.49K","-0.57%"
"Feb 01, 2018","349.00","349.00","349.00","349.00","3.42K","-4.15%"
"Jan 31, 2018","364.11","364.11","364.11","364.11","-","-0.24%"
"Jan 30, 2018","365.00","365.00","365.00","365.00","-","0.00%"
"Jan 29, 2018","365.00","365.00","365.00","365.00","-","0.27%"
"Jan 26, 2018","364.00","364.00","364.00","364.00","-","0.00%"
"Jan 25, 2018","364.00","364.00","364.00","364.00","0.01K","-0.82%"
"Jan 24, 2018","367.00","367.00","367.00","367.00","-","0.00%"
"Jan 23, 2018","367.00","367.00","367.00","367.00","0.02K","-0.27%"
"Jan 22, 2018","368.00","368.00","368.00","368.00","0.09K","-0.54%"
"Jan 19, 2018","370.00","370.00","370.00","370.00","0.00K","0.00%"
"Jan 18, 2018","370.00","370.00","370.00","370.00","0.06K","-0.27%"
"Jan 17, 2018","371.00","371.00","371.00","371.00","0.02K","0.00%"
"Jan 16, 2018","371.00","371.00","371.00","371.00","0.41K","0.00%"
"Jan 15, 2018","371.00","371.00","371.00","371.00","0.38K","-1.07%"
"Jan 12, 2018","375.00","375.00","375.00","375.00","0.42K","0.54%"
"Jan 11, 2018","373.00","373.00","373.00","373.00","0.30K","-1.06%"
"Jan 10, 2018","377.00","377.00","377.00","377.00","0.56K","1.34%"
"Jan 09, 2018","372.00","372.00","372.00","372.00","0.79K","0.00%"
"Jan 08, 2018","372.00","372.00","372.00","372.00","0.05K","0.68%"
"Jan 05, 2018","369.50","369.50","369.50","369.50","0.32K","0.68%"
"Jan 04, 2018","367.00","367.00","367.00","367.00","0.16K","0.00%"
"Jan 03, 2018","367.00","367.00","367.00","367.00","-","0.00%"
"Jan 02, 2018","367.00","367.00","367.00","367.00","-","3.31%"
"Dec 29, 2017","355.24","355.24","355.24","355.24","-","0.92%"
"Dec 28, 2017","352.00","352.00","352.00","352.00","-","0.00%"
"Dec 27, 2017","352.00","352.00","352.00","352.00","-","0.00%"
"Dec 22, 2017","352.00","352.00","352.00","352.00","-","0.00%"
"Dec 21, 2017","352.00","352.00","352.00","352.00","-","0.00%"
"Dec 20, 2017","352.00","352.00","352.00","352.00","0.01K","0.28%"
"Dec 19, 2017","351.00","351.00","351.00","351.00","0.01K","0.57%"
"Dec 18, 2017","349.00","349.00","349.00","349.00","0.00K","-2.10%"
"Dec 15, 2017","356.50","356.50","356.50","356.50","-","0.71%"
"Dec 14, 2017","354.00","354.00","354.00","354.00","-","0.00%"
"Dec 13, 2017","354.00","354.00","354.00","354.00","-","0.00%"
"Dec 12, 2017","354.00","354.00","354.00","354.00","-","0.00%"
"Dec 11, 2017","354.00","354.00","354.00","354.00","0.14K","0.28%"
"Dec 08, 2017","353.00","353.00","353.00","353.00","0.48K","0.57%"
"Dec 07, 2017","351.00","351.00","351.00","351.00","0.23K","0.86%"
"Dec 06, 2017","348.00","348.00","348.00","348.00","0.86K","1.16%"
"Dec 05, 2017","344.00","344.00","344.00","344.00","0.31K","0.73%"
"Dec 04, 2017","341.50","341.50","341.50","341.50","-","0.00%"
"Dec 01, 2017","341.50","341.50","341.50","341.50","0.47K","0.00%"
"Nov 30, 2017","341.50","341.50","341.50","341.50","0.11K","9.28%"
"Nov 29, 2017","312.50","312.50","312.50","312.50","-","0.00%"
"Nov 28, 2017","312.50","312.50","312.50","312.50","-","0.00%"
"Nov 27, 2017","312.50","312.50","312.50","312.50","0.15K","0.16%"
"Nov 24, 2017","312.00","312.00","312.00","312.00","-","0.00%"
"Nov 23, 2017","312.00","312.00","312.00","312.00","-","0.00%"
"Nov 22, 2017","312.00","312.00","312.00","312.00","-","0.00%"
"Nov 21, 2017","312.00","312.00","312.00","312.00","0.00K","0.00%"
"Nov 20, 2017","312.00","312.00","312.00","312.00","0.07K","-0.95%"
"Nov 17, 2017","315.00","315.00","315.00","315.00","0.00K","0.00%"
"Nov 16, 2017","315.00","315.00","315.00","315.00","0.73K","0.64%"
"Nov 15, 2017","313.00","313.00","313.00","313.00","0.55K","0.97%"
"Nov 14, 2017","310.00","310.00","310.00","310.00","0.10K","0.00%"
"Nov 13, 2017","310.00","310.00","310.00","310.00","-","0.00%"
"Nov 10, 2017","310.00","310.00","310.00","310.00","0.62K","-0.64%"
"Nov 09, 2017","312.00","312.00","312.00","312.00","2.48K","-1.27%"
"Nov 08, 2017","316.00","316.00","316.00","316.00","0.60K","-0.47%"
"Nov 07, 2017","317.50","317.50","317.50","317.50","0.75K","-0.78%"
"Nov 06, 2017","320.00","320.00","320.00","320.00","0.70K","0.00%"
"Nov 03, 2017","320.00","320.00","320.00","320.00","0.85K","-1.23%"
"Nov 02, 2017","324.00","324.00","324.00","324.00","0.14K","1.57%"
"Nov 01, 2017","319.00","319.00","319.00","319.00","0.71K","-0.31%"
"Oct 31, 2017","320.00","320.00","320.00","320.00","0.64K","1.59%"
"Oct 30, 2017","315.00","315.00","315.00","315.00","0.39K","0.00%"
"Oct 27, 2017","315.00","315.00","315.00","315.00","0.31K","1.29%"
"Oct 26, 2017","311.00","311.00","311.00","311.00","0.24K","1.97%"
"Oct 25, 2017","305.00","305.00","305.00","305.00","0.00K","-0.16%"
"Oct 24, 2017","305.50","305.50","305.50","305.50","-","0.00%"
"Oct 23, 2017","305.50","305.50","305.50","305.50","0.16K","0.16%"
"Oct 20, 2017","305.00","305.00","305.00","305.00","-","0.00%"
"Oct 19, 2017","305.00","305.00","305.00","305.00","0.01K","-0.33%"
"Oct 18, 2017","306.00","306.00","306.00","306.00","0.00K","-1.61%"
"Oct 17, 2017","311.00","311.00","311.00","311.00","-","0.00%"
"Oct 16, 2017","311.00","311.00","311.00","311.00","0.86K","0.65%"
"Oct 13, 2017","309.00","309.00","309.00","309.00","2.19K","-0.80%"
"Oct 12, 2017","311.50","311.50","311.50","311.50","0.13K","0.16%"
"Oct 11, 2017","311.00","311.00","311.00","311.00","0.27K","-1.89%"
"Oct 10, 2017","317.00","317.00","317.00","317.00","0.30K","-0.31%"
"Oct 09, 2017","318.00","318.00","318.00","318.00","1.08K","4.61%"
"Oct 06, 2017","304.00","304.00","304.00","304.00","0.27K","1.33%"
"Oct 05, 2017","300.00","300.00","300.00","300.00","0.65K","1.69%"
"Oct 04, 2017","295.00","295.00","295.00","295.00","0.56K","-1.01%"
"Oct 03, 2017","298.00","298.00","298.00","298.00","0.02K","2.41%"
"Oct 02, 2017","291.00","291.00","291.00","291.00","0.11K","-3.16%"
"Sep 29, 2017","300.50","300.50","300.50","300.50","1.49K","0.50%"
"Sep 28, 2017","299.00","299.00","299.00","299.00","1.32K","-12.83%"
"Sep 27, 2017","343.00","343.00","343.00","343.00","-","0.00%"
"Sep 26, 2017","343.00","343.00","343.00","343.00","-","0.00%"
"Sep 25, 2017","343.00","343.00","343.00","343.00","0.01K","-1.15%"
"Sep 22, 2017","347.00","347.00","347.00","347.00","-","0.00%"
"Sep 21, 2017","347.00","347.00","347.00","347.00","-","0.00%"
"Sep 20, 2017","347.00","347.00","347.00","347.00","0.02K","-0.86%"
"Sep 19, 2017","350.00","350.00","350.00","350.00","0.05K","-1.13%"
"Sep 18, 2017","354.00","354.00","354.00","354.00","-","0.00%"
"Sep 15, 2017","354.00","354.00","354.00","354.00","-","-0.56%"
"Sep 14, 2017","356.00","356.00","356.00","356.00","-","0.00%"
"Sep 13, 2017","356.00","356.00","356.00","356.00","0.03K","-0.84%"
"Sep 12, 2017","359.00","359.00","359.00","359.00","0.01K","-0.28%"
"Sep 11, 2017","360.00","360.00","360.00","360.00","-","0.28%"
"Sep 08, 2017","359.00","359.00","359.00","359.00","0.04K","-0.55%"
"Sep 07, 2017","361.00","361.00","361.00","361.00","0.29K","0.28%"
"Sep 06, 2017","360.00","360.00","360.00","360.00","0.25K","-0.83%"
"Sep 05, 2017","363.00","363.00","363.00","363.00","0.99K","1.68%"
"Sep 04, 2017","357.00","357.00","357.00","357.00","0.12K","0.85%"
"Sep 01, 2017","354.00","354.00","354.00","354.00","0.17K","1.00%"
"Aug 31, 2017","350.50","350.50","350.50","350.50","0.17K","0.43%"
"Aug 30, 2017","349.00","349.00","349.00","349.00","-","0.00%"
"Aug 29, 2017","349.00","349.00","349.00","349.00","-","0.00%"
"Aug 25, 2017","349.00","349.00","349.00","349.00","-","0.00%"
"Aug 24, 2017","349.00","349.00","349.00","349.00","-","0.00%"
"Aug 23, 2017","349.00","349.00","349.00","349.00","-","0.00%"
"Aug 22, 2017","349.00","349.00","349.00","349.00","0.01K","0.58%"
"Aug 21, 2017","347.00","347.00","347.00","347.00","-","0.00%"
"Aug 18, 2017","347.00","347.00","347.00","347.00","-","0.00%"
"Aug 17, 2017","347.00","347.00","347.00","347.00","-","0.00%"
"Aug 16, 2017","347.00","347.00","347.00","347.00","0.11K","1.46%"
"Aug 15, 2017","342.00","342.00","342.00","342.00","0.06K","-1.16%"
"Aug 14, 2017","346.00","346.00","346.00","346.00","0.00K","0.00%"
"Aug 11, 2017","346.00","346.00","346.00","346.00","-","-0.57%"
"Aug 10, 2017","348.00","348.00","348.00","348.00","0.12K","2.35%"
"Aug 09, 2017","340.00","340.00","340.00","340.00","0.00K","-0.87%"
"Aug 08, 2017","343.00","343.00","343.00","343.00","0.15K","-0.58%"
"Aug 07, 2017","345.00","345.00","345.00","345.00","0.05K","0.88%"
"Aug 04, 2017","342.00","342.00","342.00","342.00","-","0.00%"
"Aug 03, 2017","342.00","342.00","342.00","342.00","0.35K","2.09%"
"Aug 02, 2017","335.00","335.00","335.00","335.00","1.24K","0.00%"
"Aug 01, 2017","335.00","335.00","335.00","335.00","0.34K","0.00%"
"Jul 31, 2017","335.00","335.00","335.00","335.00","0.80K","2.13%"
"Jul 28, 2017","328.00","328.00","328.00","328.00","0.30K","0.61%"
"Jul 27, 2017","326.00","326.00","326.00","326.00","0.17K","7.24%"
"Jul 26, 2017","304.00","304.00","304.00","304.00","0.15K","0.00%"
"Jul 25, 2017","304.00","304.00","304.00","304.00","0.16K","1.67%"
"Jul 24, 2017","299.00","299.00","299.00","299.00","0.15K","0.00%"
"Jul 21, 2017","299.00","299.00","299.00","299.00","0.00K","0.00%"
"Jul 20, 2017","299.00","299.00","299.00","299.00","-","0.00%"
"Jul 19, 2017","299.00","299.00","299.00","299.00","-","0.00%"
"Jul 18, 2017","299.00","299.00","299.00","299.00","-","0.00%"
"Jul 17, 2017","299.00","299.00","299.00","299.00","-","0.00%"
"Jul 14, 2017","299.00","299.00","299.00","299.00","-","0.00%"
"Jul 13, 2017","299.00","299.00","299.00","299.00","-","0.00%"
"Jul 12, 2017","299.00","299.00","299.00","299.00","0.01K","-0.33%"
"Jul 11, 2017","300.00","300.00","300.00","300.00","-","0.00%"
"Jul 10, 2017","300.00","300.00","300.00","300.00","0.00K","-0.33%"
"Jul 07, 2017","301.00","301.00","301.00","301.00","0.16K","1.01%"
"Jul 06, 2017","298.00","298.00","298.00","298.00","0.10K","-0.33%"
"Jul 05, 2017","299.00","299.00","299.00","299.00","0.17K","1.01%"
"Jul 04, 2017","296.00","296.00","296.00","296.00","0.03K","-1.66%"
"Jul 03, 2017","301.00","301.00","301.00","301.00","0.04K","8.79%"
"Jun 30, 2017","276.68","276.68","276.68","276.68","-","0.25%"
"Jun 29, 2017","276.00","276.00","276.00","276.00","-","0.00%"
"Jun 28, 2017","276.00","276.00","276.00","276.00","-","0.00%"
"Jun 27, 2017","276.00","276.00","276.00","276.00","-","0.00%"
"Jun 26, 2017","276.00","276.00","276.00","276.00","-","0.00%"
"Jun 23, 2017","276.00","276.00","276.00","276.00","-","0.00%"
"Jun 22, 2017","276.00","276.00","276.00","276.00","-","0.00%"
"Jun 21, 2017","276.00","276.00","276.00","276.00","-","0.00%"
"Jun 20, 2017","276.00","276.00","276.00","276.00","-","0.00%"
"Jun 19, 2017","276.00","276.00","276.00","276.00","0.30K","0.00%"
"Jun 16, 2017","276.00","276.00","276.00","276.00","-","0.00%"
"Jun 15, 2017","276.00","276.00","276.00","276.00","-","0.00%"
"Jun 14, 2017","276.00","276.00","276.00","276.00","-","0.00%"
"Jun 13, 2017","276.00","276.00","276.00","276.00","-","0.00%"
"Jun 12, 2017","276.00","276.00","276.00","276.00","0.42K","0.55%"
"Jun 09, 2017","274.50","274.50","274.50","274.50","0.55K","1.29%"
"Jun 08, 2017","271.00","271.00","271.00","271.00","0.20K","0.37%"
"Jun 07, 2017","270.00","270.00","270.00","270.00","0.03K","0.00%"
"Jun 06, 2017","270.00","270.00","270.00","270.00","0.15K","-1.10%"
"Jun 05, 2017","273.00","273.00","273.00","273.00","0.00K","-1.44%"
"Jun 02, 2017","277.00","277.00","277.00","277.00","-","0.00%"
"Jun 01, 2017","277.00","277.00","277.00","277.00","-","1.57%"
"May 31, 2017","272.71","272.71","272.71","272.71","-","-1.55%"
"May 30, 2017","277.00","277.00","277.00","277.00","-","0.00%"
"May 26, 2017","277.00","277.00","277.00","277.00","-","-0.36%"
"May 25, 2017","278.00","278.00","278.00","278.00","-","0.00%"
"May 24, 2017","278.00","278.00","278.00","278.00","0.02K","1.83%"
"May 23, 2017","273.00","273.00","273.00","273.00","-","0.00%"
"May 22, 2017","273.00","273.00","273.00","273.00","-","0.00%"
"May 19, 2017","273.00","273.00","273.00","273.00","-","0.00%"
"May 18, 2017","273.00","273.00","273.00","273.00","-","0.00%"
"May 17, 2017","273.00","273.00","273.00","273.00","-","0.00%"
"May 16, 2017","273.00","273.00","273.00","273.00","-","0.00%"
"May 15, 2017","273.00","273.00","273.00","273.00","-","0.00%"
"May 12, 2017","273.00","273.00","273.00","273.00","0.03K","-1.80%"
"May 11, 2017","278.00","278.00","278.00","278.00","-","0.00%"
"May 10, 2017","278.00","278.00","278.00","278.00","-","-0.71%"
"May 09, 2017","280.00","280.00","280.00","280.00","-","0.00%"
"May 08, 2017","280.00","280.00","280.00","280.00","0.00K","1.82%"
"May 05, 2017","275.00","275.00","275.00","275.00","-","0.00%"
"May 04, 2017","275.00","275.00","275.00","275.00","0.02K","-1.08%"
"May 03, 2017","278.00","278.00","278.00","278.00","0.27K","-0.36%"
"May 02, 2017","279.00","279.00","279.00","279.00","0.15K","3.29%"
"Apr 28, 2017","270.11","270.11","270.11","270.11","-","-0.33%"
"Apr 27, 2017","271.00","271.00","271.00","271.00","-","-0.37%"
"Apr 26, 2017","272.00","272.00","272.00","272.00","-","-0.37%"
"Apr 25, 2017","273.00","273.00","273.00","273.00","-","0.00%"
"Apr 24, 2017","273.00","273.00","273.00","273.00","-","0.00%"
"Apr 21, 2017","273.00","273.00","273.00","273.00","-","0.00%"
"Apr 20, 2017","273.00","273.00","273.00","273.00","0.03K","0.00%"
"Apr 19, 2017","273.00","273.00","273.00","273.00","0.30K","0.00%"
"Apr 18, 2017","273.00","273.00","273.00","273.00","0.03K","0.37%"
"Apr 13, 2017","272.00","272.00","272.00","272.00","0.01K","-0.18%"
"Apr 12, 2017","272.50","272.50","272.50","272.50","0.01K","-0.55%"
"Apr 11, 2017","274.00","274.00","274.00","274.00","0.01K","-0.72%"
"Apr 10, 2017","276.00","276.00","276.00","276.00","0.45K","-1.43%"
"Apr 07, 2017","280.00","280.00","280.00","280.00","-","0.00%"
"Apr 06, 2017","280.00","280.00","280.00","280.00","0.15K","-3.45%"
"Apr 05, 2017","290.00","290.00","290.00","290.00","0.27K","2.11%"
"Apr 04, 2017","284.00","284.00","284.00","284.00","0.18K","0.35%"
"Apr 03, 2017","283.00","283.00","283.00","283.00","0.00K","-1.08%"
"Mar 31, 2017","286.09","286.09","286.09","286.09","-","0.03%"
"Mar 30, 2017","286.00","286.00","286.00","286.00","-","0.00%"
"Mar 29, 2017","286.00","286.00","286.00","286.00","-","0.00%"
"Mar 28, 2017","286.00","286.00","286.00","286.00","-","0.00%"
"Mar 27, 2017","286.00","286.00","286.00","286.00","-","-1.04%"
"Mar 24, 2017","289.00","289.00","289.00","289.00","-","-1.03%"
"Mar 23, 2017","292.00","292.00","292.00","292.00","0.01K","0.69%"
"Mar 22, 2017","290.00","290.00","290.00","290.00","-","0.00%"
"Mar 21, 2017","290.00","290.00","290.00","290.00","-","-3.97%"
"Mar 20, 2017","302.00","302.00","302.00","302.00","-","0.00%"
"Mar 17, 2017","302.00","302.00","302.00","302.00","0.02K","0.83%"
"Mar 16, 2017","299.50","299.50","299.50","299.50","-","0.00%"
"Mar 15, 2017","299.50","299.50","299.50","299.50","-","0.50%"
"Mar 14, 2017","298.00","298.00","298.00","298.00","-","0.00%"
"Mar 13, 2017","298.00","298.00","298.00","298.00","0.00K","-0.33%"
"Mar 10, 2017","299.00","299.00","299.00","299.00","0.22K","-2.29%"
"Mar 09, 2017","306.00","306.00","306.00","306.00","0.25K","-0.49%"
"Mar 08, 2017","307.50","307.50","307.50","307.50","0.14K","0.99%"
"Mar 07, 2017","304.50","304.50","304.50","304.50","0.08K","2.87%"
"Mar 06, 2017","296.00","296.00","296.00","296.00","0.20K","1.20%"
"Mar 03, 2017","292.50","292.50","292.50","292.50","0.44K","-0.17%"
"Mar 02, 2017","293.00","293.00","293.00","293.00","-","0.00%"
"Mar 01, 2017","293.00","293.00","293.00","293.00","-","11.58%"
"Feb 28, 2017","262.60","262.60","262.60","262.60","0.02K","1.00%"
"Feb 27, 2017","260.00","260.00","260.00","260.00","0.02K","-1.14%"
"Feb 24, 2017","263.00","263.00","263.00","263.00","-","0.00%"
"Feb 23, 2017","263.00","263.00","263.00","263.00","-","0.00%"
"Feb 22, 2017","263.00","263.00","263.00","263.00","0.00K","0.38%"
"Feb 21, 2017","262.00","262.00","262.00","262.00","-","0.77%"
"Feb 20, 2017","260.00","260.00","260.00","260.00","-","0.00%"
"Feb 17, 2017","260.00","260.00","260.00","260.00","-","0.39%"
"Feb 16, 2017","259.00","259.00","259.00","259.00","-","0.00%"
"Feb 15, 2017","259.00","259.00","259.00","259.00","-","0.00%"
"Feb 14, 2017","259.00","259.00","259.00","259.00","0.00K","0.78%"
"Feb 13, 2017","257.00","257.00","257.00","257.00","0.03K","1.18%"
"Feb 10, 2017","254.00","254.00","254.00","254.00","0.78K","4.53%"
"Feb 09, 2017","243.00","243.00","243.00","243.00","0.00K","0.41%"
"Feb 08, 2017","242.00","242.00","242.00","242.00","-","0.00%"
"Feb 07, 2017","242.00","242.00","242.00","242.00","-","0.41%"
"Feb 06, 2017","241.00","241.00","241.00","241.00","-","0.00%"
"Feb 03, 2017","241.00","241.00","241.00","241.00","0.29K","-2.82%"
"Feb 02, 2017","248.00","248.00","248.00","248.00","0.21K","-2.36%"
"Feb 01, 2017","254.00","254.00","254.00","254.00","0.22K","-7.30%"
"Jan 31, 2017","274.00","274.00","274.00","274.00","-","0.00%"
"Jan 30, 2017","274.00","274.00","274.00","274.00","-","-1.08%"
"Jan 27, 2017","277.00","277.00","277.00","277.00","-","-0.36%"
"Jan 26, 2017","278.00","278.00","278.00","278.00","0.05K","-2.46%"
"Jan 25, 2017","285.00","285.00","285.00","285.00","0.03K","1.42%"
"Jan 24, 2017","281.00","281.00","281.00","281.00","0.01K","-1.40%"
"Jan 23, 2017","285.00","285.00","285.00","285.00","0.75K","0.00%"
"Jan 20, 2017","285.00","285.00","285.00","285.00","-","0.00%"
"Jan 19, 2017","285.00","285.00","285.00","285.00","-","0.00%"
"Jan 18, 2017","285.00","285.00","285.00","285.00","0.01K","-2.06%"
"Jan 17, 2017","291.00","291.00","291.00","291.00","0.31K","-0.17%"
"Jan 16, 2017","291.50","291.50","291.50","291.50","-","-0.85%"
"Jan 13, 2017","294.00","294.00","294.00","294.00","0.02K","1.03%"
"Jan 12, 2017","291.00","291.00","291.00","291.00","0.01K","0.00%"
"Jan 11, 2017","291.00","291.00","291.00","291.00","0.23K","-2.02%"
"Jan 10, 2017","297.00","297.00","297.00","297.00","0.02K","0.68%"
"Jan 09, 2017","295.00","295.00","295.00","295.00","0.00K","-0.84%"
"Jan 06, 2017","297.50","297.50","297.50","297.50","0.30K","0.00%"
"Jan 05, 2017","297.50","297.50","297.50","297.50","-","0.17%"
"Jan 04, 2017","297.00","297.00","297.00","297.00","-","0.00%"
"Jan 03, 2017","297.00","297.00","297.00","297.00","-","6.93%"
"Dec 30, 2016","277.75","277.75","277.75","277.75","-","-2.20%"
"Dec 29, 2016","284.00","284.00","284.00","284.00","-","-0.35%"
"Dec 28, 2016","285.00","285.00","285.00","285.00","-","0.00%"
"Dec 23, 2016","285.00","285.00","285.00","285.00","0.03K","3.64%"
"Dec 22, 2016","275.00","275.00","275.00","275.00","-","0.00%"
"Dec 21, 2016","275.00","275.00","275.00","275.00","-","0.00%"
"Dec 20, 2016","275.00","275.00","275.00","275.00","-","0.00%"
"Dec 19, 2016","275.00","275.00","275.00","275.00","-","0.00%"
"Dec 16, 2016","275.00","275.00","275.00","275.00","0.06K","1.85%"
"Dec 15, 2016","270.00","270.00","270.00","270.00","-","0.00%"
"Dec 14, 2016","270.00","270.00","270.00","270.00","-","0.00%"
"Dec 13, 2016","270.00","270.00","270.00","270.00","0.03K","0.00%"
"Dec 12, 2016","270.00","270.00","270.00","270.00","0.06K","-2.88%"
"Dec 09, 2016","278.00","278.00","278.00","278.00","-","-0.54%"
"Dec 08, 2016","279.50","279.50","279.50","279.50","0.01K","1.64%"
"Dec 07, 2016","275.00","275.00","275.00","275.00","-","0.00%"
"Dec 06, 2016","275.00","275.00","275.00","275.00","0.03K","-0.72%"
"Dec 05, 2016","277.00","277.00","277.00","277.00","0.02K","-0.36%"
"Dec 02, 2016","278.00","278.00","278.00","278.00","0.28K","0.00%"
"Dec 01, 2016","278.00","278.00","278.00","278.00","0.28K","5.00%"
"Nov 30, 2016","264.77","264.77","264.77","264.77","-","0.29%"
"Nov 29, 2016","264.00","264.00","264.00","264.00","-","0.00%"
"Nov 28, 2016","264.00","264.00","264.00","264.00","-","0.00%"
"Nov 25, 2016","264.00","264.00","264.00","264.00","-","0.00%"
"Nov 24, 2016","264.00","264.00","264.00","264.00","-","0.00%"
"Nov 23, 2016","264.00","264.00","264.00","264.00","-","0.00%"
"Nov 22, 2016","264.00","264.00","264.00","264.00","-","0.00%"
"Nov 21, 2016","264.00","264.00","264.00","264.00","-","0.00%"
"Nov 18, 2016","264.00","264.00","264.00","264.00","-","0.00%"
"Nov 17, 2016","264.00","264.00","264.00","264.00","-","0.00%"
"Nov 16, 2016","264.00","264.00","264.00","264.00","-","0.38%"
"Nov 15, 2016","263.00","263.00","263.00","263.00","-","0.00%"
"Nov 14, 2016","263.00","263.00","263.00","263.00","-","0.00%"
"Nov 11, 2016","263.00","263.00","263.00","263.00","-","0.00%"
"Nov 10, 2016","263.00","263.00","263.00","263.00","-","0.00%"
"Nov 09, 2016","263.00","263.00","263.00","263.00","-","0.00%"
"Nov 08, 2016","263.00","263.00","263.00","263.00","-","0.00%"
"Nov 07, 2016","263.00","263.00","263.00","263.00","0.03K","1.15%"
"Nov 04, 2016","260.00","260.00","260.00","260.00","-","0.00%"
"Nov 03, 2016","260.00","260.00","260.00","260.00","0.02K","4.00%"
"Nov 02, 2016","250.00","250.00","250.00","250.00","-","0.00%"
"Nov 01, 2016","250.00","250.00","250.00","250.00","-","11.92%"
"Oct 31, 2016","223.38","223.38","223.38","223.38","-","1.08%"
"Oct 28, 2016","221.00","221.00","221.00","221.00","-","0.00%"
"Oct 27, 2016","221.00","221.00","221.00","221.00","-","0.00%"
"Oct 26, 2016","221.00","221.00","221.00","221.00","-","0.45%"
"Oct 25, 2016","220.00","220.00","220.00","220.00","-","0.00%"
"Oct 24, 2016","220.00","220.00","220.00","220.00","-","0.00%"
"Oct 21, 2016","220.00","220.00","220.00","220.00","-","0.00%"
"Oct 20, 2016","220.00","220.00","220.00","220.00","-","0.92%"
"Oct 19, 2016","218.00","218.00","218.00","218.00","-","0.00%"
"Oct 18, 2016","218.00","218.00","218.00","218.00","-","0.00%"
"Oct 17, 2016","218.00","218.00","218.00","218.00","-","0.00%"
"Oct 14, 2016","218.00","218.00","218.00","218.00","-","0.00%"
"Oct 13, 2016","218.00","218.00","218.00","218.00","-","0.00%"
"Oct 12, 2016","218.00","218.00","218.00","218.00","-","0.00%"
"Oct 11, 2016","218.00","218.00","218.00","218.00","-","-0.46%"
"Oct 10, 2016","219.00","219.00","219.00","219.00","0.03K","-0.45%"
"Oct 07, 2016","220.00","220.00","220.00","220.00","0.05K","4.27%"
"Oct 06, 2016","211.00","211.00","211.00","211.00","0.04K","1.44%"
"Oct 05, 2016","208.00","208.00","208.00","208.00","-","0.00%"
"Oct 04, 2016","208.00","208.00","208.00","208.00","0.01K","1.46%"
"Oct 03, 2016","205.00","205.00","205.00","205.00","-","-5.53%"
"Sep 29, 2016","217.00","217.00","217.00","217.00","-","0.00%"
"Sep 28, 2016","217.00","217.00","217.00","217.00","-","0.00%"
"Sep 27, 2016","217.00","217.00","217.00","217.00","-","0.00%"
"Sep 26, 2016","217.00","217.00","217.00","217.00","-","0.00%"
"Sep 23, 2016","217.00","217.00","217.00","217.00","-","0.00%"
"Sep 22, 2016","217.00","217.00","217.00","217.00","-","0.00%"
"Sep 21, 2016","217.00","217.00","217.00","217.00","-","0.00%"
"Sep 20, 2016","217.00","217.00","217.00","217.00","0.06K","-1.36%"
"Sep 19, 2016","220.00","220.00","220.00","220.00","-","0.00%"
"Sep 16, 2016","220.00","220.00","220.00","220.00","-","0.00%"
"Sep 15, 2016","220.00","220.00","220.00","220.00","-","0.00%"
"Sep 14, 2016","220.00","220.00","220.00","220.00","-","0.00%"
"Sep 13, 2016","220.00","220.00","220.00","220.00","-","0.00%"
"Sep 12, 2016","220.00","220.00","220.00","220.00","-","0.00%"
"Sep 09, 2016","220.00","220.00","220.00","220.00","-","0.00%"
"Sep 08, 2016","220.00","220.00","220.00","220.00","-","0.00%"
"Sep 07, 2016","220.00","220.00","220.00","220.00","-","0.00%"
"Sep 06, 2016","220.00","220.00","220.00","220.00","-","0.00%"
"Sep 05, 2016","220.00","220.00","220.00","220.00","-","0.00%"
"Sep 02, 2016","220.00","220.00","220.00","220.00","-","1.38%"
"Sep 01, 2016","217.00","217.00","217.00","217.00","-","-4.48%"
"Aug 31, 2016","227.18","227.18","227.18","227.18","-","0.75%"
"Aug 30, 2016","225.50","225.50","225.50","225.50","-","0.00%"
"Aug 26, 2016","225.50","225.50","225.50","225.50","-","0.00%"
"Aug 25, 2016","225.50","225.50","225.50","225.50","-","0.00%"
"Aug 24, 2016","225.50","225.50","225.50","225.50","-","0.00%"
"Aug 23, 2016","225.50","225.50","225.50","225.50","-","0.00%"
"Aug 22, 2016","225.50","225.50","225.50","225.50","-","0.00%"
"Aug 19, 2016","225.50","225.50","225.50","225.50","-","0.00%"
"Aug 18, 2016","225.50","225.50","225.50","225.50","-","0.00%"
"Aug 17, 2016","225.50","225.50","225.50","225.50","-","0.00%"
"Aug 16, 2016","225.50","225.50","225.50","225.50","-","0.67%"
"Aug 15, 2016","224.00","224.00","224.00","224.00","0.02K","-1.75%"
"Aug 12, 2016","228.00","228.00","228.00","228.00","-","0.00%"
"Aug 11, 2016","228.00","228.00","228.00","228.00","-","0.00%"
"Aug 10, 2016","228.00","228.00","228.00","228.00","-","0.00%"
"Aug 09, 2016","228.00","228.00","228.00","228.00","-","0.00%"
"Aug 08, 2016","228.00","228.00","228.00","228.00","0.16K","0.00%"
"Aug 05, 2016","228.00","228.00","228.00","228.00","0.02K","1.79%"
"Aug 04, 2016","224.00","224.00","224.00","224.00","0.05K","-0.44%"
"Aug 03, 2016","225.00","225.00","225.00","225.00","0.22K","-3.43%"
"Aug 02, 2016","233.00","233.00","233.00","233.00","0.12K","0.00%"
"Aug 01, 2016","233.00","233.00","233.00","233.00","0.11K","6.32%"
"Jul 29, 2016","219.14","219.14","219.14","219.14","-","0.52%"
"Jul 28, 2016","218.00","218.00","218.00","218.00","-","0.46%"
"Jul 27, 2016","217.00","217.00","217.00","217.00","-","0.00%"
"Jul 26, 2016","217.00","217.00","217.00","217.00","-","0.00%"
"Jul 25, 2016","217.00","217.00","217.00","217.00","-","0.00%"
"Jul 22, 2016","217.00","217.00","217.00","217.00","-","0.00%"
"Jul 21, 2016","217.00","217.00","217.00","217.00","-","0.00%"
"Jul 20, 2016","217.00","217.00","217.00","217.00","-","0.00%"
"Jul 19, 2016","217.00","217.00","217.00","217.00","-","0.00%"
"Jul 18, 2016","217.00","217.00","217.00","217.00","-","0.00%"
"Jul 15, 2016","217.00","217.00","217.00","217.00","-","0.00%"
"Jul 14, 2016","217.00","217.00","217.00","217.00","-","2.36%"
"Jul 13, 2016","212.00","212.00","212.00","212.00","-","0.00%"
"Jul 12, 2016","212.00","212.00","212.00","212.00","-","0.00%"
"Jul 11, 2016","212.00","212.00","212.00","212.00","-","0.00%"
"Jul 08, 2016","212.00","212.00","212.00","212.00","-","-0.93%"
"Jul 07, 2016","214.00","214.00","214.00","214.00","-","0.00%"
"Jul 06, 2016","214.00","214.00","214.00","214.00","-","0.00%"
"Jul 05, 2016","214.00","214.00","214.00","214.00","0.48K","0.00%"
"Jul 04, 2016","214.00","214.00","214.00","214.00","-","0.00%"
"Jul 01, 2016","214.00","214.00","214.00","214.00","-","-6.44%"
"Jun 30, 2016","228.73","228.73","228.73","228.73","0.03K","-0.55%"
"Jun 29, 2016","230.00","230.00","230.00","230.00","0.03K","0.00%"
"Jun 28, 2016","230.00","230.00","230.00","230.00","-","0.00%"
"Jun 27, 2016","230.00","230.00","230.00","230.00","-","0.00%"
"Jun 24, 2016","230.00","230.00","230.00","230.00","-","0.00%"
"Jun 23, 2016","230.00","230.00","230.00","230.00","-","0.00%"
"Jun 22, 2016","230.00","230.00","230.00","230.00","-","0.00%"
"Jun 21, 2016","230.00","230.00","230.00","230.00","-","0.00%"
"Jun 20, 2016","230.00","230.00","230.00","230.00","-","0.00%"
"Jun 17, 2016","230.00","230.00","230.00","230.00","-","0.00%"
"Jun 16, 2016","230.00","230.00","230.00","230.00","-","0.00%"
"Jun 15, 2016","230.00","230.00","230.00","230.00","-","0.00%"
"Jun 14, 2016","230.00","230.00","230.00","230.00","-","0.00%"
"Jun 13, 2016","230.00","230.00","230.00","230.00","-","0.00%"
"Jun 10, 2016","230.00","230.00","230.00","230.00","0.02K","-2.13%"
"Jun 09, 2016","235.00","235.00","235.00","235.00","0.01K","-1.26%"
"Jun 08, 2016","238.00","238.00","238.00","238.00","0.02K","-2.46%"
"Jun 07, 2016","244.00","244.00","244.00","244.00","-","0.00%"
"Jun 06, 2016","244.00","244.00","244.00","244.00","-","0.00%"
"Jun 03, 2016","244.00","244.00","244.00","244.00","-","0.00%"
"Jun 02, 2016","244.00","244.00","244.00","244.00","-","0.00%"
"Jun 01, 2016","244.00","244.00","244.00","244.00","0.04K","-20.96%"
"May 31, 2016","308.70","308.70","308.70","308.70","-","1.21%"
"May 27, 2016","305.00","305.00","305.00","305.00","-","0.00%"
"May 26, 2016","305.00","305.00","305.00","305.00","0.01K","0.66%"
"May 25, 2016","303.00","303.00","303.00","303.00","-","0.00%"
"May 24, 2016","303.00","303.00","303.00","303.00","-","0.00%"
"May 23, 2016","303.00","303.00","303.00","303.00","0.01K","1.00%"
"May 20, 2016","300.00","300.00","300.00","300.00","0.03K","-1.64%"
"May 19, 2016","305.00","305.00","305.00","305.00","-","0.00%"
"May 18, 2016","305.00","305.00","305.00","305.00","-","0.00%"
"May 17, 2016","305.00","305.00","305.00","305.00","-","-1.61%"
"May 16, 2016","310.00","310.00","310.00","310.00","-","-1.59%"
"May 13, 2016","315.00","315.00","315.00","315.00","-","0.00%"
"May 12, 2016","315.00","315.00","315.00","315.00","-","0.00%"
"May 11, 2016","315.00","315.00","315.00","315.00","-","0.00%"
"May 10, 2016","315.00","315.00","315.00","315.00","-","0.64%"
"May 09, 2016","313.00","313.00","313.00","313.00","-","-0.63%"
"May 06, 2016","315.00","315.00","315.00","315.00","-","0.00%"
"May 05, 2016","315.00","315.00","315.00","315.00","-","0.32%"
"May 04, 2016","314.00","314.00","314.00","314.00","0.01K","0.00%"
"May 03, 2016","314.00","314.00","314.00","314.00","0.01K","14.52%"
"Apr 29, 2016","274.19","274.19","274.19","274.19","-","-0.29%"
"Apr 28, 2016","275.00","275.00","275.00","275.00","-","0.00%"
"Apr 27, 2016","275.00","275.00","275.00","275.00","0.03K","-0.36%"
"Apr 26, 2016","276.00","276.00","276.00","276.00","0.01K","0.00%"
"Apr 25, 2016","276.00","276.00","276.00","276.00","-","0.00%"
"Apr 22, 2016","276.00","276.00","276.00","276.00","0.01K","0.00%"
"Apr 21, 2016","276.00","276.00","276.00","276.00","0.01K","1.10%"
"Apr 20, 2016","273.00","273.00","273.00","273.00","-","1.87%"
"Apr 19, 2016","268.00","268.00","268.00","268.00","-","0.75%"
"Apr 18, 2016","266.00","266.00","266.00","266.00","-","0.00%"
"Apr 15, 2016","266.00","266.00","266.00","266.00","-","0.00%"
"Apr 14, 2016","266.00","266.00","266.00","266.00","-","0.64%"
"Apr 13, 2016","264.31","264.31","264.31","264.31","0.09K","4.06%"
"Apr 12, 2016","254.00","254.00","254.00","254.00","-","0.00%"
"Apr 11, 2016","254.00","254.00","254.00","254.00","-","0.59%"
"Apr 08, 2016","252.50","252.50","252.50","252.50","0.04K","3.06%"
"Apr 07, 2016","245.00","245.00","245.00","245.00","-","0.41%"
"Apr 06, 2016","244.00","244.00","244.00","244.00","-","0.41%"
"Apr 05, 2016","243.00","243.00","243.00","243.00","-","0.00%"
"Apr 04, 2016","243.00","243.00","243.00","243.00","0.02K","1.25%"
"Apr 01, 2016","240.00","240.00","240.00","240.00","0.00K","11.01%"
"Mar 31, 2016","216.19","216.19","216.19","216.19","-","-0.83%"
"Mar 30, 2016","218.00","218.00","218.00","218.00","-","0.00%"
"Mar 29, 2016","218.00","218.00","218.00","218.00","-","0.00%"
"Mar 24, 2016","218.00","218.00","218.00","218.00","-","0.00%"
"Mar 23, 2016","218.00","218.00","218.00","218.00","0.00K","0.46%"
"Mar 22, 2016","217.00","217.00","217.00","217.00","-","0.00%"
"Mar 21, 2016","217.00","217.00","217.00","217.00","0.00K","0.93%"
"Mar 18, 2016","215.00","215.00","215.00","215.00","0.03K","1.90%"
"Mar 17, 2016","211.00","211.00","211.00","211.00","0.19K","2.43%"
"Mar 16, 2016","206.00","206.00","206.00","206.00","-","0.00%"
"Mar 15, 2016","206.00","206.00","206.00","206.00","-","0.00%"
"Mar 14, 2016","206.00","206.00","206.00","206.00","-","-1.90%"
"Mar 11, 2016","210.00","210.00","210.00","210.00","0.03K","1.94%"
"Mar 10, 2016","206.00","206.00","206.00","206.00","0.03K","1.73%"
"Mar 09, 2016","202.50","202.50","202.50","202.50","-","0.25%"
"Mar 08, 2016","202.00","202.00","202.00","202.00","0.08K","1.00%"
"Mar 07, 2016","200.00","200.00","200.00","200.00","0.03K","5.26%"
"Mar 04, 2016","190.00","190.00","190.00","190.00","0.03K","1.06%"
"Mar 03, 2016","188.00","188.00","188.00","188.00","0.00K","2.45%"
"Mar 02, 2016","183.50","183.50","183.50","183.50","0.00K","0.27%"
"Mar 01, 2016","183.00","183.00","183.00","183.00","0.03K","3.36%"
"Feb 29, 2016","177.05","177.05","177.05","177.05","-","0.03%"
"Feb 26, 2016","177.00","177.00","177.00","177.00","-","0.00%"
"Feb 25, 2016","177.00","177.00","177.00","177.00","-","0.00%"
"Feb 24, 2016","177.00","177.00","177.00","177.00","-","0.00%"
"Feb 23, 2016","177.00","177.00","177.00","177.00","-","0.00%"
"Feb 22, 2016","177.00","177.00","177.00","177.00","-","0.00%"
"Feb 19, 2016","177.00","177.00","177.00","177.00","-","0.00%"
"Feb 18, 2016","177.00","177.00","177.00","177.00","-","0.00%"
"Feb 17, 2016","177.00","177.00","177.00","177.00","-","0.00%"
"Feb 16, 2016","177.00","177.00","177.00","177.00","-","0.00%"
"Feb 15, 2016","177.00","177.00","177.00","177.00","-","0.00%"
"Feb 12, 2016","177.00","177.00","177.00","177.00","-","0.00%"
"Feb 11, 2016","177.00","177.00","177.00","177.00","-","0.00%"
"Feb 10, 2016","177.00","177.00","177.00","177.00","0.01K","0.57%"
"Feb 09, 2016","176.00","176.00","176.00","176.00","-","-0.56%"
"Feb 08, 2016","177.00","177.00","177.00","177.00","-","0.00%"
"Feb 05, 2016","177.00","177.00","177.00","177.00","-","0.00%"
"Feb 04, 2016","177.00","177.00","177.00","177.00","-","-1.67%"
"Feb 03, 2016","180.00","180.00","180.00","180.00","-","0.00%"
"Feb 02, 2016","180.00","180.00","180.00","180.00","-","0.00%"
"Feb 01, 2016","180.00","180.00","180.00","180.00","-","-3.10%"
"Jan 29, 2016","185.75","185.75","185.75","185.75","-","-0.13%"
"Jan 28, 2016","186.00","186.00","186.00","186.00","-","-0.27%"
"Jan 27, 2016","186.50","186.50","186.50","186.50","-","-0.27%"
"Jan 26, 2016","187.00","187.00","187.00","187.00","-","0.00%"
"Jan 25, 2016","187.00","187.00","187.00","187.00","-","0.00%"
"Jan 22, 2016","187.00","187.00","187.00","187.00","-","0.00%"
"Jan 21, 2016","187.00","187.00","187.00","187.00","-","0.00%"
"Jan 20, 2016","187.00","187.00","187.00","187.00","-","0.00%"
"Jan 19, 2016","187.00","187.00","187.00","187.00","-","0.00%"
"Jan 18, 2016","187.00","187.00","187.00","187.00","-","0.00%"
"Jan 15, 2016","187.00","187.00","187.00","187.00","-","0.00%"
"Jan 14, 2016","187.00","187.00","187.00","187.00","-","0.54%"
"Jan 13, 2016","186.00","186.00","186.00","186.00","-","0.00%"
"Jan 12, 2016","186.00","186.00","186.00","186.00","-","0.00%"
"Jan 11, 2016","186.00","186.00","186.00","186.00","-","0.54%"
"Jan 08, 2016","185.00","185.00","185.00","185.00","-","0.54%"
"Jan 07, 2016","184.00","184.00","184.00","184.00","-","0.00%"
"Jan 06, 2016","184.00","184.00","184.00","184.00","-","0.00%"
"Jan 05, 2016","184.00","184.00","184.00","184.00","-","0.00%"
"Jan 04, 2016","184.00","184.00","184.00","184.00","-","-2.62%"
"Dec 31, 2015","188.95","188.95","188.95","188.95","-","0.77%"
"Dec 30, 2015","187.50","187.50","187.50","187.50","-","0.00%"
"Dec 29, 2015","187.50","187.50","187.50","187.50","-","0.00%"
"Dec 24, 2015","187.50","187.50","187.50","187.50","-","0.00%"
"Dec 23, 2015","187.50","187.50","187.50","187.50","-","0.00%"
"Dec 22, 2015","187.50","187.50","187.50","187.50","0.01K","1.35%"
"Dec 21, 2015","185.00","185.00","185.00","185.00","-","0.00%"
"Dec 18, 2015","185.00","185.00","185.00","185.00","-","0.54%"
"Dec 17, 2015","184.00","184.00","184.00","184.00","-","0.00%"
"Dec 16, 2015","184.00","184.00","184.00","184.00","-","0.00%"
"Dec 15, 2015","184.00","184.00","184.00","184.00","-","0.00%"
"Dec 14, 2015","184.00","184.00","184.00","184.00","-","0.00%"
"Dec 11, 2015","184.00","184.00","184.00","184.00","-","0.00%"
"Dec 10, 2015","184.00","184.00","184.00","184.00","-","0.00%"
"Dec 09, 2015","184.00","184.00","184.00","184.00","-","0.00%"
"Dec 08, 2015","184.00","184.00","184.00","184.00","-","0.00%"
"Dec 07, 2015","184.00","184.00","184.00","184.00","0.00K","0.00%"
"Dec 04, 2015","184.00","184.00","184.00","184.00","-","0.00%"
"Dec 03, 2015","184.00","184.00","184.00","184.00","-","0.00%"
"Dec 02, 2015","184.00","184.00","184.00","184.00","-","-2.13%"
"Dec 01, 2015","188.00","188.00","188.00","188.00","0.02K","-3.85%"
"Nov 30, 2015","195.52","195.52","195.52","195.52","-","1.83%"
"Nov 27, 2015","192.00","192.00","192.00","192.00","-","0.00%"
"Nov 26, 2015","192.00","192.00","192.00","192.00","-","-1.54%"
"Nov 25, 2015","195.00","195.00","195.00","195.00","-","0.00%"
"Nov 24, 2015","195.00","195.00","195.00","195.00","-","0.00%"